﻿<?xml version="1.0" encoding="utf-8"?>
<extension type="module" version="2.5" method="upgrade" client="site" >
	<name>JCounter</name>
    <author>Mostafa Shahiri</author>
    <copyright></copyright>
    <license>GNU/GPL</license>
    <authorEmail>mostafa2134@gmail.com</authorEmail>
    <authorUrl>www.extensions.joomla.com</authorUrl>
    <version></version>
	<description>
    with this module you can show count of articles that you like based on date.
   </description>
          	<updateservers>
		<server type="extension" priority="1" name="JCounter">
		   https://github.com/mostafa272/JCounter/blob/master/update.xml
		</server>
	</updateservers>
	<files>
    <filename module="mod_jcounter">mod_jcounter.php</filename>
    <filename>index.html</filename>
    <filename>helper.php</filename>
    <folder>tmpl</folder>
    </files>
    <languages>
    	  <language tag="en-GB">language/en-GB/en-GB.mod_jcounter.ini</language>
          <language tag="fa-IR">language/fa-IR/fa-IR.mod_jcounter.ini</language>
        </languages>
    <config>
    <fields name="params">
     <fieldset name="basic"  >
      	<field name="source" type="list" default="create" label="MOD_JCOUNTER_SOURCE_LABEL" description="MOD_JCOUNTER_SOURCE_DESC">
			<option value="create">MOD_JCOUNTER_CREATE_DATE</option>
			<option value="publish">MOD_JCOUNTER_PUBLISH_DATE</option>
		</field>
        	<field name="only_publish" type="radio" default="1" label="MOD_JCOUNTER_PUBLISH_LABEL" description="MOD_JCOUNTER_PUBLISH_DESC">
			<option value="0">JNO</option>
			<option value="1">JYES</option>
		</field>
    	<field name="catid" type="category" extension="com_content" show_root="1"  size="10" default="" multiple="true" label="MOD_JCOUNTER_CAT_LABEL" description="MOD_JCOUNTER_CAT_DESC" >
		</field>
    	<field name="show_today" type="radio" default="1" label="MOD_JCOUNTER_TODAY_LABEL" description="MOD_JCOUNTER_TODAY_DESC">
			<option value="0">JNO</option>
			<option value="1">JYES</option>
		</field>
        	<field name="show_yesterday" type="radio" default="1" label="MOD_JCOUNTER_YESTERDAY_LABEL" description="MOD_JCOUNTER_YESTERDAY_DESC">
			<option value="0">JNO</option>
			<option value="1">JYES</option>
		</field>
        	<field name="show_week" type="radio" default="1" label="MOD_JCOUNTER_WEEK_LABEL" description="MOD_JCOUNTER_WEEK_DESC">
			<option value="0">JNO</option>
			<option value="1">JYES</option>
		</field>
        	<field name="show_month" type="radio" default="1" label="MOD_JCOUNTER_MONTH_LABEL" description="MOD_JCOUNTER_MONTH_DESC">
			<option value="0">JNO</option>
			<option value="1">JYES</option>
		</field>
        	<field name="show_total" type="radio" default="1" label="MOD_JCOUNTER_TOTAL_LABEL" description="MOD_JCOUNTER_TOTAL_DESC">
			<option value="0">JNO</option>
			<option value="1">JYES</option>
		</field>
    </fieldset>

    </fields>

    </config>

    </extension>
